;;;;;
;; RESULTADO DE JULGAMENTO - PROPOSTAS  APROVADAS PARA CONTRATAÇÃO;;;
;;Edital 21/2008 - Programa Primeiros Projetos;;;
;;;;;
ATENÇÃO : Todas as instituições que tiverem propostas aprovadas deverão atualizar seu credenciamento na FAPEMIG até 10 dias corridos da publicação dos resultados, sob pena de desclassificação das propostas.  A situação cadastral das instituições poderá ser verificada no endereço : http://www.fapemig.br/cadastro/;;;;;
;;;;;
;;;;;
;;;;;
#;PROC.;COORDENADOR;TÍTULO;INSTITUIÇÃO; VALOR 
1; APQ-00002-09; Ricardo Costa Val Do Rosário; Predictive Lower Limb Amputation In Mangled Extremities Of Preoperative Tumor Necrocis Factor (Tnf) And Soluble Tumor Necrocis Factor Receptor Type I (Stnf-Ri) ; FHEMIG;21.000,00
2; APQ-00006-09; Daniela Franco Carvalho Jacobucci; Abrindo O Tubo De Ensaio: Estudo Sobre O Ensino E A Divulgação Científica Em Microbiologia No Brasil; UFU;13.675,98
3; APQ-00011-09; Márcio Santos Rocha; Aplicações De Técnicas Ópticas Em Problemas Biologicamente Motivados; UFV;29.885,63
4; APQ-00013-09; Luana Caroline Dos Santos; Efetividade Da Escola Integrada No Perfil Nutricional E De Saúde De Escolares De Belo Horizonte, Minas Gerais., Escola Municipal Do Distrito Sanitário Leste, Belo Horizonte, Minas Gerais; UFMG;20.666,84
5; APQ-00023-09; Maíra Figueiredo Goulart; Fenologia Dos Campos Rupestres E Influência Das Mudanças Climáticas Globais; UFVJM;22.929,69
6; APQ-00042-09; Júlia Yamagishi Costa; Citotaxonomia E Evolução De Plantas Do Cerrado; UFU;23.751,00
7; APQ-00044-09; José Jean-Paul Zanlucchi De Souza Tavares; Projeto De Pesquisa De Desenvolvimento De Um Sistema De Localização Por Tempo Real Baseado Em Rfid E Rede De Petri; UFU;28.875,00
8; APQ-00049-09; Cristiano Lopes Andrade; Sistemática De Ciidae (Coleoptera: Tenebrionoidea) Das Regiões Neotropical E Andina; UFV;23.753,10
9; APQ-00051-09; Flaviana Dornela Verli; Quantificação De Mastócitos Em Feridas Cirúrgicas Bucais Submetidas À Aplicação Tópica De Própolis; UFVJM;29.995,77
10; APQ-00054-09; Maria Inácia Estêvão Costa; Transcriptoma Da Glândula Venenífera De Serpente Do Gênero Bothrops Ssp.: Construção De Um Catálogo De Etiquetas De Seqüências Expressas (Ests) Para Identificação De Toxinas Potencialmente Envolvidas Em Processos Fisiopatológicos; FUNED;22.134,00
11; APQ-00055-09; Adriana Pastorello Buim Arena; Leitura Digital: Implicações Para A Pesquisa Escolar; UFU;6.773,03
12; APQ-00058-09; Gláucia Manzan Queiroz De Andrade; Triagem Neonatal Para Toxoplasmose Congênita No Estado De Minas Gerais – Aspectos Epidemiológicos Da Infecção; UFMG;20.790,00
13; APQ-00061-09; Antonio Carlos Sant Ana; Síntese De Nanoestruturas Metálicas Para Análise De Absorbatos Metálicos Por Espectroscopia Raman Intensificada Pela Superfície; UFJF;29.998,50
14; APQ-00098-09; Roberta Maia De Castro Romanelli; Ocorrência Da Infecção Por Leishmania Spp. Em Candidatos Ao Transplante De Fígado, Pâncreas E Rim E Seus Doadores; UFMG;22.939,15
15; APQ-00127-09; Evaldo Henrique Da Silva; Sistemas Setoriais De Inovação E Padrões De Mudança Tecnológica E De Concorrência Das Indústrias De Alta Tecnologia Do Estado De Minas Gerais: Microevidências E Novos Fundamentos Para As Políticas Públicas De Desenvolvimento Industrial ; UFV;25.087,42
16; APQ-00137-09; Mara Rubia Costa Couri; Síntese De Amino-Álcoois Derivados Da D-(-)Arabinose, Potenciais Agentes Antituberculose.; UFJF;29.925,00
17; APQ-00141-09; Luiz Carlos Gomes De Freitas; Retificador Híbrido Trifásico De Alta Potência E Elevado Fator De Potência Com Controle Digital Utilizando Dsp; UFU;23.215,50
18; APQ-00152-09; Mônica Maria De Almeida Vasconcelos; Prevalência De Sintomas Do Trato Urinário Inferior Em Crianças De 6 A 12 Anos De Idade; UFMG;23.730,00
19; APQ-00158-09; Ana Luisa Sousa Azevedo; Estudo Da Diversidade Genética De Capim-Elefante Utilizando Marcadores Microssatélites; Embrapa -CNPGL;21.525,00
20; APQ-00160-09; Marcio Ricardo Salla; Transferência De Massa Gás-Líquido Em Coluna De Aeração: Influência Da Temperatura, Turbidez E Nível Líquido; UFU;15.676,50
21; APQ-00161-09; Miria Hespanhol Miranda Reis; Aplicação Do Processo De Filtração Por Membranas No Processamento De Suco De Maracujá: Análise Matemática E Experimental; UFU;29.715,00
22; APQ-00173-09; Alexandre Cuin; Síntese, Caracterização E Atividade Biológica De Complexos De Ouro E Prata Com Ligantes Sulfurados; UFJF;28.549,50
23; APQ-00188-09; Valeska Barcelos Guzman; Associação Entre Polimorfismos Hla E Não-Hla E Expressão De Genes E Proteínas No Carcinoma De Colo Uterino.; UFU;22.830,15
24; APQ-00199-09; José De Los Santos Guerra; Caracterização E Fenomenologia De Materiais Ferroelétricos Para Aplicação Em Dispositivos Eletro-Eletrônicos; UFU;29.557,26
25; APQ-00208-09; Vinícius Vieira Fávaro; Teoria De Operadores De Convolução Em Diferentes Espaços De Funções Inteiras Definidas Sobre Espaços De Banach; UFU;15.507,74
26; APQ-00212-09; Vanessa Peruhype Magalhães Pascoal; Correlação Entre Persistência Parasitária E Perfil Fenotípico-Funcional De Monócitos De Pacientes Portadores De Leishmaniose Cutânea Localizada (Lcl), Tratados Com O Antimoniato De N-Metil Glucamina; CPqRR - FIOCRUZ;21.714,11
27; APQ-00214-09; Geisa Daise Gumiero Cleps; O Lugar E As Formas De Comercialização De Produtos E Serviços Solidários Em Minas Gerais; UFU;19.472,96
28; APQ-00217-09; Maria Arlene Fausto; Monitoramento Do Estado Nutricional E De Estilo De Vida De Estudantes Universitários De Uma Instituição Pública De Ensino Em Minas Gerais, Brasil; UFOP;21.812,70
29; APQ-00222-09; Carlos Eduardo Magalhães Dos Santos; Melhoramento Genético Do Maracujazeiro Visando Agricultura Familiar Do Alto Paranaíba; UFV;21.178,50
30; APQ-00234-09; André Luis Faria E Silva; Avaliação De Técnicas Alternativas Para União Ao Esmalte E Dentina Em Dentes De Portadores De Fibromatose Gengival Com Amelogênese Imperfeita; UNIMONTES;29.956,50
31; APQ-00256-09; Joel Antonio De Oliveira; Resposta Bioquímica, Fisiológica E Comportamental De Anticarsia Gemmatalis Quando Submetida A Tratamentos Com Inibidor De Proteases; UFV;19.287,49
32; APQ-00262-09; Denise Lowinsohn; Construção De Sensores Eletroquímicos Miniaturizados Para A Determinação De Diferentes Metabólitos Em Amostras Biológicas; UFJF;24.150,00
33; APQ-00265-09; Luiz Carlos Honório; Determinantes Organizacionais, Motivacionais E Estratégicos Da Internacionalização De Empresas Mineiras De Manufaturados;Instituto Novos Horizontes de Ensino Superior e de Pesquisa Ltda/Faculdade Novos Horizontes;7.500,00
34; APQ-00268-09; Luciano Viana Cota; Exserohilum Turcicum Em Sorgo: Variabilidade Patogênica, Especificidade De Hospedeiro E Resistência Ao Patógeno; EMBRAPA-CNPMS;22.732,50
35; APQ-00276-09; Nilton Alves Maia; Um Sistema De Engenharia De Tráfego Auto-Gerenciável Para Redes Ip; UNIMONTES;25.200,00
36; APQ-00277-09; Fabio Heleno De Lima Pace; Azatioprina No Tratamento De Pacientes Com Colite Ulcerativa Córtico-Dependente: Resultados E Efeitos Adversos ; UFJF;23.647,05
37; APQ-00288-09; Adriano Marçal Pimenta; Condições De Trabalho E Suas Relações Com O Elevado Risco Cardiovascular; UFMG;24.477,98
38; APQ-00291-09; André Luiz Dos Santos; Desenvolvimento E Aplicação De Eletrodos Compósitos Para A Determinação De Íons Metálicos Em Biocombustíveis; UFU;18.900,00
39; APQ-00292-09; André Rinaldo Senna Garraffoni; Sistemática De Gastrotricha (Bilateria) Da Cadeia Do Espinhaço Meridional (Mg), Com Especial Ênfase À Bacia Hidrográfica Do Jequitinhonha, Como Base Para O Estudo De Padrões De Áreas De Endemismo (Pae); UFVJM;19.077,45
40; APQ-00304-09; Rozana Castorina Da Silva; Dosagem De Marcadores Inflamatórios Em Pacientes Portadores De Leishmaniose Tegumentar Americana ; FHEMIG;22.890,00
41; APQ-00318-09; André Fabiano Voigt; A Imaginação Em Bachelard: Entre O Olho E A Mão; UFU;9.660,00
42; APQ-00332-09; Noel Torres Júnior; A Medição E Melhoria Da Produtividade Em Empresas De Serviços Que Buscam Resultados Ulteriores; UFMG;14.188,65
43; APQ-00347-09; Suzan Kelly Vilela Bertolucci; Efeito Do Tipo De Secagem, Processamento E Armazenamento No Teor E Composição Química Do Óleo Essencial De Ocimum Basilicum L. Cv.Maria Bonita; UFLA;28.487,85
44; APQ-00351-09; Ana Paula Coelho Balbi; Influências Do Diabetes Materno Sobre O Desenvolvimento Renal Pós-Natal E Expressão De Mapk No Córtex Renal De Ratas Wistar; UFU;20.612,55
45; APQ-00357-09; José Felipe Dias; Ensaio De Iniciação De Trinca Por Flexão Alternada: Detecção Pela Perda De Estanqueidade; FUI;28.449,00
46; APQ-00363-09; Jerônimo Coura Sobrinho; Podcasts Em Situações De Aprendizagem Presencial E Não-Presencial: Possibilidades, Limitações, Efeitos Da Midiatização De Conteúdos E Desenvolvimento De Habilidades Pelos Usuários; CEFET BH;14.130,80
47; APQ-00365-09; Leandro Licursi De Oliveira; Lectinas De Babesia Bovis – Papel No Processo De Invasão Da Célula Hospedeira Pelo Parasita; UFV;29.820,00
48; APQ-00372-09; Anizio Marcio De Faria; Desenvolvimento, Caracterização E Aplicação De Fases Estacionárias Baseadas Em Um Polímero Tri-Funcionalizado Para Clae-Fr; UFU;29.190,00
49; APQ-00376-09; Júnia Sales Pereira;" Tematizando Os Ofícios; Caixa Virtual De História: Abordagem De Temas Do Museu De Artes E Ofícios Em Visitas Escolares"; UFMG;21.168,00
50; APQ-00384-09; Heitor Avelino De Abreu; Estudo Teórico Da Especiação Química De Metais De Transição Em Meio Aquoso E Seu Processo De Retenção No Meio Ambiente; UFMG;29.925,00
51; APQ-00394-09; Gustavo Ferreira Martins;" Estudo Comparativo Das Espermatecas De Fêmeas Virgens E Fertilizadas De Aedes (Stegomyia) Aegypti (Diptera; Nematocera) (Linnaeus, 1762)"; UFV;23.677,71
52; APQ-00395-09; Fernando Madalena Volpe; Avaliação Quantitativa E Qualitativa Da Assistência Em Saúde Mental Do Hospital Galba Velloso No Período De 2001 A 2009; FHEMIG;22.311,45
53; APQ-00397-09; Paulo Rogério De Faria; Estudo Da Carcinogênese Bucal Em Camundongos Knockout Para Galectina-3: Perfil Da Expressão Imuno-Histoquímica De Ciclina D1, C-Myc, Beta-Catenina, Apc E Gsk-3Beta; UFU;28.355,25
54; APQ-00400-09; Edgar De Alencar Teixeira; Determinação De Exigências Nutricionais De Proteína E Energia Do Surubim Em Diferentes Fases De Vida; UFMG;29.925,00
55; APQ-00402-09; Ricarda Maria Dos Santos; Incidência De Endometrite E Os Efeitos No Desempenho Reprodutivo De Vacas Leiteiras Mestiças; UFU;21.174,62
56; APQ-00409-09; Flávia Lúcia Chein Feres; Acesso Ao Mercado De Crédito E Decisões De Investimento; UFMG;21.107,10
57; APQ-00414-09; Angela França Versiani; Aprendizagem Das Organizações E Modelos De Gestão Educacional; PUC-MINAS;22.280,57
58; APQ-00417-09; José Paulo Leite Guadanucci; Levantamento Das Aranhas Mygalomorphae Da Serra Do Espinhaço Meridional (Arachnida, Araneae); UFVJM;23.198,24
59; APQ-00418-09; Rogério Martins Gomes; Robôs Emocionais E Cognitivos Baseados Em Sistemas Nervosos Artificiais; CEFET BH;25.116,00
60; APQ-00425-09; Jorge Alberto Dos Santos; Implantação De Laboratório De Simulações Organizacionais Na Universidade Federal De Viçosa; UFV;18.795,88
61; APQ-00428-09; Juliana Costa De Rezende; Identificação E Seleção De Progênies Resistentes A Ferrugem Do Cafeeiro (Hemileia Vastatrix) E Ao Nematóide Das Galhas (Meloidogyne Exigua).; EPAMIG;21.407,40
62; APQ-00429-09; Analise De Jesus Da Silva; Estado Do Conhecimento Sobre Educação De Jovens E Adultos, Tecnologias Da Informação E Da Comunicação E Suas Interfaces Na Região Metropolitana De Belo Horizonte; UFMG;19.699,83
63; APQ-00440-09; Daniel Luís Barreiro; Composição E Improvisação Musical Com Recursos Eletroacústicos Em Tempo-Real; UFU;20.475,00
64; APQ-00444-09; Adivane Terezinha Costa;  Sedimentologia E Estratigrafia Química De Planícies De Inundação E Terraços Aluviais Da Sub-Bacia Do Rio Piranga, Sudeste Do Quadrilátero Ferrífero – Mg; UFOP;18.935,28
65; APQ-00447-09; Cynthia Soares Carneiro; Adoção Internacional: A Eficácia Da Comissão Estadual Judiciária De Adoção Internacional No Acompanhamento Da Criança Brasileira Adotada Por Casal Estrangeiro; PUC-MINAS;6.090,00
66; APQ-00451-09; Iara Vieira Guimaraes; Território, Territorialidades E Globalização No Discurso Jornalístico Produzido Para O Público Infantil Escolar; UFU;18.816,00
67; APQ-00452-09; Fabiano Vargas Pereira; Preparação De Nanobiocompósitos Reforçados Com Nanowhiskers De Celulose; UFMG;29.505,00
68; APQ-00462-09; Rita Cristina De Souza Santos; Juventude Vulnerável, Territórios Estigmatizados E Saúde Na Princesa Dos Vales; Univale;16.822,83
69; APQ-00465-09; Virginia Ramos Pizziolo; Estudo Fitoquímico E Avaliação Da Atividade Antiperoxidativa, In Vitro, De Extratos De Plantas Medicinais; UFV;24.990,00
70; APQ-00475-09; André Guimarães Ferreira; Projeto, Construção E Simulação De Um Secador (Adaptável Como Secador Híbrido Solar-Elétrico); CEFET BH;20.454,00
71; APQ-00476-09; José Paulo Carvalho Dos Santos; Resultados De Existência Para Equações De Evolução Integro-Diferenciais Neutras; UNIFAL -MG;4.871,14
72; APQ-00478-09; Maria Cecília Pereira; Aprendizagem, Inovação E Desenvolvimento De Competências: O Caso Das Empresas Nascentes De Base Tecnológica De Origem Acadêmica Da Ufla-Mg; UFMG;24.164,07
73; APQ-00479-09; Ana Paula Rodrigues; Avaliação Da Citotoxicidade Do Sistema Compostos  Beta-Dicarbonílicos/Horseradish Peroxidase/O2; UFVJM;23.186,85
74; APQ-00489-09; Camila Megale De Almeida Leite; Alterações Histopatológicas E Expressão De Neuropeptídeos E Mediadores Inflamatótios ; UFOP;29.776,30
75; APQ-00497-09; Sauloeber Tarsio De Souza; Educação Escolar E Imprensa (Ituiutaba - Anos 50 E 60) ; UFU;9.975,00
76; APQ-00500-09; Simone Costa Nunes; O Desenvolvimento De Competências Em Cursos De Graduação Em Administração; PUC-MINAS;14.631,27
77; APQ-00502-09; Vanessa Sena Tomaz; A Atividade De Aprendizagem Matemática No Ensino Médio Estruturada Na Perspectiva Da Contextualização E Interdisciplinaridade; UFMG;15.879,78
78; APQ-00510-09; Adalberto Dos Santos Souza; As Aulas De Educação Física No Ensino Médio Em São João Del Rei: Uma Análise Das Representações Dos Alunos; UFSJ;16.545,59
79; APQ-00517-09; Fernando De Oliveira Rocha; Performance De Música Contemporânea Para Percussão; UFMG;29.925,00
80; APQ-00521-09; Lívia Mendes De Carvalho; Estratégias Alternativas Para Controle De Pragas Em Cultivo De Roseira De Sistema De Produção Integrada ; EPAMIG;24.706,50
81; APQ-00523-09; Letizia Monteiro De Barros; Experiência De Cárie E Diversidade Genética De Microrganismos Cariogênicos Em Indivíduos Com Fissuras Lábio-Palatais: Estudo Caso-Controle.; UNIFENAS;29.952,51
82; APQ-00526-09; Beno Wendling; Dinâmica E Compartimentalização De Carbono E Sua Modelagem Pelo Century Em Áreas De Cana-De-Açúcar No Triângulo Mineiro; UFU;25.672,50
83; APQ-00538-09; Jair Adriano Kopke De Aguiar; Biodiversidade E Proteoglicanos: Novas Fontes De Fármacos E Alvos Para Tratamento De Neoplasias.; UFJF;24.675,00
84; APQ-00543-09; Genelicio Crusoe Rocha; Dinâmica Do Nitrato E Da Água Em Solo Cultivado Com Café, Com Vistas À Avaliação De Impacto Ambiental; UFV;26.403,30
85; APQ-00546-09; Kétia Soares Moreira; Estudo Do “Efeito Lombard” Na Reprodução Automática De Comandos Por Meio Da Leitura Labial Automática; UFV;19.530,00
86; APQ-00558-09; Michele Conceição Pereira; Avaliação Da Atividade Citotóxica Da Proteína Catiônica Eosinofílica Em Linhagens Celulares Derivadas De Carcinomas Espinocelulares Bucais Humanos; UFSJ;25.830,00
87; APQ-00560-09; Denilson Santos De Azevedo; A Instalação E Constituição Do Grupo Escolar Nas Cidades De Muriaé E Ponte Nova (1907 - 1930): Análise De Acervo E Memórias; UFV;16.436,29
88; APQ-00561-09; Felipe Raúl Ponce Arrieta; Interface Computacional Para O Diagnóstico Da Performance Térmica De Turbinas A Gás Industriais; PUC-MINAS;27.195,00
89; APQ-00564-09; Alcinéia De Lemos Souza Ramos; Substituição De Hidrocolóides Por Soro De Leite Flúido Enriquecido Com Lactulose Na Elaboração De Apresuntados; CEFET/RIO POMBA;24.421,11
90; APQ-00566-09; Leonardo Chaves Dutra Da Rocha; Modelos E Algoritmos Temporais Para Aplicações Web; UFSJ;27.460,21
91; APQ-00567-09; Geraldo Browne Ribeiro Filho; Modernização Administrativa Dos Municípios Mineiros: O Papel Do Departamento De Administração Municipal; UFV;9.233,50
92; APQ-00573-09; Bruno Otavio Soares Teixeira; Projeto E Desenvolvimento De Sistemas De Navegação Integrada Para Veículos Aéreos E Terrestres; UFMG;29.914,74
93; APQ-00574-09; Maria Teresa Gonzaga Alves; Composição Do Alunado E Desempenho Da Educação Básica Em Minas Gerais; UFOP;14.968,45
94; APQ-00581-09; Douglas Riff Gonçalves; Sistemática E Biogeografia Dos Crocodylomorpha Sul-Americanos Com Ênfase Nas Faunas Cretácicas E Terciárias; UFU;28.420,22
95; APQ-00585-09; Amanda Castro Oliveira; Algoritmos Quânticos - Análise E Desenvolvimento; UFLA;12.981,03
96; APQ-00592-09; Flávia Cristina Dos Santos; Desenvolvimento De Fertilizante “Biorreativo” E De Bioinoculante Para Melhoria Da Eficiência Do Uso De Fósforo Na Cultura Do Milho; EMBRAPA-CNPMS;22.438,50
97; APQ-00596-09; Walison Arthuso Vasconcellos; Estudo Da Incorporação E Liberação De Própolis A Cimentos Ionoméricos Aplicados A Proteção Pulpar; UFVJM;27.405,00
98; APQ-00602-09; Daniela Caldeira Costa; Avaliação Do Efeito De Baccharis Trimera Sobre A Produção De Espécies Reativas De Oxigênio (Eros) E Óxido Nítrico (No) Em Granulócitos De Ratos Fischer.; UFOP;22.885,80
99; APQ-00611-09; Emilio Borges; Desenvolvimento De Técnicas De Inteligência Artificial Para A Resolução De Problemas Inversos Mal Colocados Em Planejamento Radioterápico, Cinética Química E Microbiológica.; UNEC;28.350,00
100; APQ-00627-09; Wânia Terezinha Ladeira; A Organização Interacional Em Um Escola Pública Da Periferia De Viçosa-Mg: Uma Análise Da Estrutura De Participação E Formatos De Produção Em Sala De Aula; UFV;9.592,88
101; APQ-00635-09; Jair Pereira Da Cunha Junior; Avaliação Da Resposta Imune De Camundongos C57Bl/6 À Imunização Com Antígenos Recombinantes Bsr4 E Sag2A De Toxoplasma Gondii Incorporados Em Lipossomas; UFU;28.530,60
102; APQ-00636-09; Lilian Vilela Andrade Pinto; Resposta De Diferentes Espaçamentos Do Capim Vetiver (Vetiveria Zizanioides (L.) Nash.) Na Contenção De Perdas De Solo Por Erosão De Encosta; EAFI;21.321,83
103; APQ-00637-09; Fabyano Fonseca E Silva; Análise De Qtl Para Dados Longitudinais De Crescimento Em Suínos; UFV;8.975,87
104; APQ-00638-09; Juliana Santini; Espaços, Sentidos: Transculturação E Regionalismo Na Prosa Brasileira Contemporânea; UFU;11.889,90
105; APQ-00642-09; Luciano Bueno Dos Reis; Influência Do Etileno E Diversos Reguladores De Crescimento Na Germinação In Vitro E Embriogênese Somática De Acrocomia Aculeata (Jacq.) Lodd. Ex Mart.; UFV;28.881,30
106; APQ-00656-09; Angela Maria Soares; Dinâmica Hídrica E A Recarga Dos Aquíferos Na Bacia Do Alto E Médio Curso Do Rio Uberabinha Em Minas Gerais; FCU-SUCEUB;22.294,99
107; APQ-00659-09; Ricardo Carlos Gomes; A Arte Do Ator Entre Oriente E Ocidente; UFOP;18.900,00
108; APQ-00666-09; Milton Taidi Sonoda; Estrutura E Dinâmica De Líquidos Em Sistemas Confinados E Interfaciais; UFU;24.675,00
109; APQ-00669-09; Heloisa Helena Mithie Della Colleta; Biocompósito De Nanotubos De Carbono E Gel De Colágeno: Caracterização Da Biocompatibilidade E Da Biofuncionalidade; UFMG;21.489,72
110; APQ-00671-09; Kátia Cecília De Souza Figueiredo; Preparo E Caracterização De Nanopartículas Poliméricas Para A Aplicação Em Dispositivos De Liberação Controlada De Drogas; UFV;22.142,40
111; APQ-00674-09; Helena Maria Dos Santos Felício; A Relação Entre Escola De Tempo Integral E Educação Integral Em Minas Gerais: Uma Análise A Partir Dos Indicadores Da Escola; UNIFAL -MG;11.933,39
112; APQ-00675-09; Renata Toscano Simões; Expressão De Hla-G Em Carcinoma De Células Escamosas De Boca Segundo O Polimorfismo Da Região 3’Utr Do Gene; ISCM - BH;25.070,75
113; APQ-00677-09; Humberto Vieira Fajardo; Preparação E Caracterização De Materiais Nanoestruturados Com Propriedades Catalíticas Aplicadas Nos Processos De Reforma A Seco E Decomposição Do Gás Natural Para Produção De Hidrogênio E Gás De Síntese; UFOP;26.827,50
114; APQ-00680-09; Anete Pedro Lourenço; Espectro E Qualidade Do Pólen Coletado Pelas Abelhas Apis Melliferas Em Área De Campo Rupestre Da Região De Diamantina (Mg); UFVJM;18.781,14
115; APQ-00681-09; Angélica Terezinha Carmo Rodrigues; Gramaticalização De Construções Em Línguas Românicas: Um Estudo Comparativo; UFU;18.511,50
116; APQ-00686-09; Valeriano Antunes De Oliveira; Contribuições Em Otimização Infinito Dimensional; UFU;21.735,00
117; APQ-00690-09; Maria Beatriz Camargo Cappello; Arquitetura Moderna No Brasil E Sua Recepção Nas Revistas Européias E Brasileiras (1945-1960); UFU;24.957,35
118; APQ-00691-09; Cláudio Umpierra Carlan; Moeda: Poder, Imagem E Ideologia; UNIFAL -MG;7.980,00
119; APQ-00692-09; Rita De Cassia Vieira; Atualidade E Desafios Da Formação De Psicólogos Em Belo Horizonte: Focalizando O Campo Da Educação ; UFMG;17.400,00
120; APQ-00693-09; Antonio Vicente Mundim; Dinâmica Da Citologia Endometrial E Sua Correlação Com O Exame De Muco Vaginal Em Vacas Leiteiras Mestiças No Puerpério Fisiológico; UFU;29.179,50
121; APQ-00694-09; Marcio Leles Romarco De Oliveira; Uso Do Método De Bittelirch Em Comparação Ao De Parcela De Área Fixa Para Análise Florística E Estrutural De Florestas Inequiâneas Em Cerrado; UFVJM;6.972,00
122; APQ-00695-09; João Paulo Elsen Saut; Diagnóstico E Tratamento Precoce De Infecções Uterinas Para Aumentar A Eficiência Reprodutiva De Vacas Leiteiras Mestiças; UFU;23.379,93
123; APQ-00697-09; Israel Marinho Pereira; Composição, Estrutura, Diversidade E Potencial De Uso Da Flora Arbustivo-Arbórea Em Diferentes Fitofisionomias De Cerrado Em Curvelo, Mg; UFVJM;22.113,00
124; APQ-00700-09; Daniele Cristiane Menezes; Atividades Antifúngica E Antibacteriana De Derivados Ditiocarbamatos, Disselenocarbamatos E Carboxilatos De Estanho E Bismuto: Investigação Do Perfil Farmacológico E Possíveis Mecanismos De Ação; UFV;28.560,00
125; APQ-00711-09; Gilmare Antônia Da Silva; Determinação Simultânea E Monitoramento De Perturbadores Endócrinos Em Amostras De Água Por Métodos Cromatográficos E Quimiométricos; UFOP;20.692,88
126; APQ-00713-09; Carina Aparecida Fabricio De Andrade; Papel Dos Receptores Adrenérgicos Alfa2, Gabaérgicos E Serotonérgicos Do Núcleo Parabraquial Lateral No Controle Do Equilíbrio Hidroeletrolítico; UNIFAL -MG;23.310,00
127; APQ-00720-09; Fábio Vincenzi Romualdo Da Silva; Estudo, Projeto E Montagem De Um Amplificador Classe D E Um Gerador De Sinais Programável Utilizados Em Uma Fonte De Tensão Ca Monofásica Programável Empregada Em Testes De Equipamentos No Contexto Da Qualidade Da Energia Elétrica; UFU;18.795,00
128; APQ-00722-09; Cíntia Marques Coelho; Lippia, Monoterpeno, Câncer E Micrornas: Avaliação Do Óleo Essencial De 5 Espécies De Lippia (Verbenaceae) Em Diferentes Células Tumorais.; UFJF;20.512,43
129; APQ-00724-09; Gisele Lobo Pappa; Emchi: Evolução De Modelos De Classificação Hierárquica Baseada Em Programação Genética; UFMG;29.610,00
130; APQ-00728-09; Marina Matos De Moura Faíco; Síndrome Metabólica E Sistema Renina Antiotensina; UNEC;29.925,00
131; APQ-00729-09; Vânia Lúcia Da Silva; Alterações Induzidas Por Drogas Antimicrobianas De Interesse Clínico-Microbiológico E Resistência Cruzada Em Fusobacterium ; UFJF;22.470,00
132; APQ-00732-09; Marcel Mano; Tupis, Tapuias, Não Índios E A História Do Contato: As Guerras Cayapó No Triângulo Mineiro; UFU;16.196,52
133; APQ-00733-09; Fernando De Paula Leonel; Consórcio Capim-Braquiária, Milho E Leguminosas: Dinâmica De Nutrientes No Solo, Produção E Características Qualitativas Da Biomassa Forrageira, Desempenho Animal E Resultados Econômicos; UFSJ;24.561,87
134; APQ-00734-09; Ana Paula Couto Da Silva; Caracterização E Modelagem De Tráfego De Sistemas P2P-Tv; UFJF;17.566,50
135; APQ-00741-09; Leandro Fernandes Malloy-Diniz; Associação Entre Fenótipo Impulsivo E O Polimorfismo 5Httlpr Em Adultos Com Transtorno Afetivo Bipolar; UFMG;20.925,45
136; APQ-00751-09; Kely Cesar Martins De Paiva; Competências Profissionais E Gestão De Competências Em Profissões Na Área De Saúde: Um Estudo Com Médicos E Enfermeiros Em Minas Gerais;Instituto Novos Horizontes de Ensino Superior e de Pesquisa Ltda/Faculdade Novos Horizontes;19.595,88
137; APQ-00754-09; Priscila De Faria Pinto; “Avaliação Do Potencial Imunomodulador Da Apirase De Batata Solanum Tuberosum Sobre A Resposta Inflamatória Granulomatosa Da Esquistossomose Mansoni Experimental”.; UFJF;24.150,00
138; APQ-00760-09; Maria Celia Borges Dalberio; Formação De Professores, Qualidade De Ensino E Inclusão Educacional.                                                    ; UFTM;15.120,00
139; APQ-00766-09; Lisandra Brandino De Oliveira; Regulação Do Equilíbrio Hidroeletrolítico No Modelo Experimental De Desnutrição Proteica; UFOP;26.250,00
140; APQ-00768-09; Fernando Silva Neves; Avaliação Dos Polimorfismos Do Vat-2, Per3, 5-Httlpr, Tph2, Clock Em Pacientes Com Diagnóstico De Transtorno Bipolar E Familiares De Primeiro Grau; UFMG;24.675,00
141; APQ-00771-09; Wallisson Da Silva Freitas; Parâmetros De Projeto E Evapotranspiração De Culturas Em Sistemas Wetlands Para Tratamento De Esgoto Doméstico Em Condições De Clima Tropical; CAMPUS JANUÁRIA;23.111,93
142; APQ-00772-09; Jacqueline De Souza; Desenvolvimento E Validação De Método Bioanalítico Para Quantificação De Itraconazol Em Plasma De Cães.; UFOP;20.160,00
143; APQ-00778-09; José Augusto Ferreira Perez Villar; Síntese De Chalconas E Flavonas Com Potencial Atividade Inibidora De Fósfolipases A2; UFSJ;29.400,00
144; APQ-00783-09; Thatia Regina Bonfim; Utilização De Informação Sensorial Adicional No Treinamento Sensoriomotor; PUC-MINAS;23.824,50
145; APQ-00797-09; Raquel Lopes Martins Souza; Caracterização De Receptores E Ligantes Envolvidos Na Interação De Diferentes Tipos De Hemócitos Circulantes Ce Caramujos Biomphalaria Tenagophila Com Esporocistos De Schistosoma Mansoni; UNIFAL -MG;23.772,00
146; APQ-00799-09; Olga Luisa Tavano; Imobilização De Proteases  Para Fins De Produção De Hidrolisados Protéicos.; UFTM;23.981,58
147; APQ-00801-09; Pablo Forlan Vargas; Identificação Das Raças De Míldio (Bremia Lactucae) Nas Principais Regiões Produtoras De Alface No Estado De Minas Gerais E Obtenção De Linhagens Resistentes; FESP;15.244,00
148; APQ-00810-09; Aurélia Aparecida De Araújo Rodrigues; Análise De Sensibilidade De Gráficos De Controle De Np Com Amostragem Dupla; UFU;13.818,00
149; APQ-00826-09; Antônio Márcio Rodrigues; Alterações Morfofuncionais Do Giro Denteado Associadas Com A Epilepsia; UFSJ;21.000,00
150; APQ-00831-09; Júlio Emílio Diniz-Pereira; Lutas Concorrenciais No Campo Universitário E A Atual Reforma Das Licenciaturas; UFMG;17.146,50
151; APQ-00832-09; Tânia Regina Grão Velloso; Estudo Da Imunodifusão Dupla E Elisa Para Diagnóstico E Acompanhamento Da Pcm E Do Padrão De Citocinas Liberadas Por Células Mononucleares Do Sangue Periférico Dos Pacientes; UNIFAL -MG;28.828,16
152; APQ-00834-09; Marcos Olender; A Contribuição Da Imigração Italiana Para A Produção Arquitetônica De Juiz De Fora; UFJF;15.809,59
153; APQ-00837-09; Daniela Motta De Oliveira; Políticas De Formação Continuada De Professores No Estado De Minas Gerais: O Centro De Referência Virtual Do Professor; UFJF;19.395,78
154; APQ-00840-09; Renildo Ismael Félix Da Costa; Manejo Integrado Em Tomateiro Industrial No Norte De Minas Gerais: Impactos Na Dinâmica De Pragas E Inimigos Naturais, Uso De Inseticidas E Produtividade Das Lavouras; CAMPUS JANUÁRIA;27.615,00
155; APQ-00847-09; Daniel Carvalho De Rezende; Práticas Alimentares E Alimentação Fora Do Lar Em Minas Gerais; UFLA;11.975,15
156; APQ-00851-09; Armindo Dos Santos De Sousa Teodósio; Parceriais Tri-Setoriais Na Gestão Urbana  De Belo Horizonte: Uma Análise Das Implicações E Desdobramentos Do Movimento Nossa Bh Sobre A Esfera Pública; UNA ;10.911,34
157; APQ-00853-09; Wendel Alex Castro Silva; Ciclo De Vida Organizacional: Sinais De Longevidade Das Microempresas E Empresas De Pequeno Porte De Minas Gerais ;Instituto Novos Horizontes de Ensino Superior e de Pesquisa Ltda/Faculdade Novos Horizontes;12.371,13
158; APQ-00857-09; Hewerson Zansávio Teixeira; Implantação De Ambiente Computacional De Alto-Desempenho Para Modelagem De Tecidos Neuronais; UFSJ;29.427,30
159; APQ-00864-09; Mariana Esteves Mansanares; Avaliação Da Diversidade Da Família Asteraceae Em Campos E Cerrados Rupestres Das Serras Do Complexo Da Bocaina, Minas Gerais, Brasil; UFLA;29.018,85
160; APQ-00878-09; José Eduardo Alamy Filho; Monitoramento Do Aqüífero Bauru Na Zona Urbana De Araguari/Mg: Da Obtenção De Dados Primários À Simulação Numérica Do Escoamento Das Águas Subterrâneas; UFU;29.610,00
161; APQ-00879-09; Rosa Maria Da Exaltação Coutrim; O Papel Da Família E Da Escola Na Transmissão De Disposições Entre As Gerações: Expectativas De Futuro Para Jovens Egressos Do Ensino Médio; UFOP;20.269,20
162; APQ-00882-09; Paulo Cezar Mendes; Atlas Climatológico Do Município De Uberlândia: O Clima Como Recurso Natural Básico A Organização Do Espaço Geográfico ; UFU;29.018,76
163; APQ-00883-09; Bruno Sérgio Vieira; Controle Biológico De Meloidogyne Javanica E Meloidogyne Incognita Com Pochonia Chlamydosporia E Bacillus Subtilis; FEPAM-UNIPAM;27.400,00
164; APQ-00887-09; Mirella Moura Moro; Tricot – Disseminação De Conteúdo Inteligente; UFMG;18.601,23
165; APQ-00894-09; Magno Augusto Zazá Borges; Diversidade De Dípteros Muscóides E Seus Inimigos Naturais Em Granja De Aves De Postura Em Montes Claros, Minas Gerais; UNIMONTES;18.499,49
166; APQ-00901-09; Vinícius Rosa Cota; Tratamento Não-Farmacológico Das Epilepsias: Estimulação Elétrica Intra-Cerebral; UFSJ;21.210,00
167; APQ-00917-09; Thatyana De Faria Piola Seraphim; Ambiente Para Implementação E Avaliação De Desempenho De Aplicações Paralelas; UNIFEI;20.979,00
168; APQ-00926-09; Bianca Sarzi De Souza; Processamento Mínimo De Frutas: Abacaxi E Mamão; EAFMUZ;29.909,25
169; APQ-02731-08; Kelly Aparecida Geraldo Yoneyama; Estudo Das Atividades Biológicas E Moleculares De Toxinas Isoladas De Peçonhas Ofídicas Em Leishmania: Efeito Na Interação Parasita-Hospedeiro; UFU;21.054,60
;;;;;3.690.902,09
Belo Horizonte, 17 de dezembro de 2009.;;;;;
